species	nb_reactions	nb_reactions_with_genes	nb_genes	nb_compounds
Peribacillus_49	2611	1746	1503	2647
Shewanella_269	2238	1537	1123	2264
Micrococcus_229	1647	1059	746	1716
Nocardiopsis_40	2460	1574	1343	2555
Marinomonas_65	2674	1802	1489	2735
Vibrio_255	2434	1702	1345	2460
Agarivorans_299	2437	1718	1324	2469
Anaerobacillus_413	2352	1566	1267	2355
Isoptericola_394	2040	1344	1019	2134
Agarivorans_309	2437	1717	1322	2472
Marinomonas_103	2672	1804	1491	2734
Vibrio_215	2419	1699	1361	2459
Agarivorans_324	2471	1745	1340	2501
Vibrio_327	2396	1678	1344	2425
Cytobacillus_68	2659	1760	1482	2670
Nocardiopsis_208	2462	1597	1396	2592
Roseibium_195	2730	1763	1505	2776
Bacillus_77	2305	1546	1160	2393
Micrococcus_253	1635	1056	760	1712
Marinomonas_217	2568	1739	1450	2650
Micrococcus_239	1684	1073	771	1707
Micrococcus_444	1676	1070	753	1729
Streptomyces_372	2778	1748	1646	2843
Anaerobacillus_228	2344	1556	1270	2370
Nocardiopsis_238	2550	1628	1427	2614
Nocardiopsis_186	2499	1600	1358	2611
Rothia_352	1650	1044	705	1742
Acinetobacter_453	2102	1398	973	2187
Paenibacillus_362	2418	1633	1582	2502
Mesobacillus_127	2308	1537	1248	2308
Streptomyces_385	2767	1778	1729	2882
Brevibacterium_361	2102	1325	1020	2192
Agarivorans_317	2445	1721	1322	2468
Bacillus_420	2357	1605	1324	2412
Nocardiopsis_25	2462	1602	1397	2591
Enterovibrio_278	2493	1756	1368	2495
Micrococcus_26	1708	1094	780	1744
Pseudoalteromonas_204	2151	1468	1096	2170
Nocardiopsis_237	2559	1634	1462	2625
Anaerobacillus_322	2351	1568	1254	2377
Pristimantibacillus_251	2553	1694	1632	2609
Agarivorans_290	2446	1728	1312	2470
Rossellomorea_230	2248	1502	1200	2262
Marinomonas_202	2668	1800	1488	2729
Paraglaciecola_214	2521	1729	1343	2575
Micrococcus_236	1687	1074	776	1712
Streptomyces_384	2888	1765	1725	2993
Anaerobacillus_206	2299	1527	1244	2306
Agarivorans_311	2438	1719	1324	2472
Vibrio_298	2430	1698	1341	2458
Thalassospira_250	2409	1587	1282	2457
Solibacillus_87	2033	1340	1050	2106
Vibrio_294	2423	1691	1322	2449
Pseudoalteromonas_259	2333	1596	1201	2379
Streptomyces_23	2722	1732	1564	2806
Streptomyces_22	2735	1709	1639	2859
Exiguobacterium_74	1998	1316	920	2019
Streptomyces_121	2818	1754	1724	2938
Vibrio_364	2408	1694	1348	2431
Anaerobacillus_430	2320	1540	1251	2331
Vibrio_325	2408	1694	1348	2431
